file; precision; recall; f1; acc; spec; phi
results_swattr/bigbluebutton-historic/BigBlueButton_trace_links.csv; 0.53125; 0.5; 0.5151515151515151; 0.9624413145539906; 0.9816625916870416; 0.4958805944552601
