file; precision; recall; f1; acc; spec; phi
results_swattr/teastore-historic/TeaStore_trace_links.csv; 0.8; 0.6666666666666666; 0.7272727272727272; 0.9693564862104188; 0.9891186071817193; 0.7144999154806865
