file; precision; recall; f1; acc; spec; phi
results_swattr/teastore/TeaStore_trace_links.csv; 0.7391304347826086; 0.6296296296296297; 0.68; 0.9661733615221987; 0.9865470852017937; 0.6646368536660653
